TNG100_z10,,JADES_z10,,Stefanon+21_z10,,TNG100_z11,,JADES_z11,,TNG100_z12,,JADES_z12,,EAGLE_z10,,Illustris_z10,,Simba_z10,,Illustris_z11,,Simba_z11,,Illustris_z12,,Simba_z12,,Illustris_z13,,Simba_z13,,JADES_z10_v2,,JADES_z13,,Stefanon+21_z10_v2,,JADES_z11_v2,,JADES_z12_v2,,JADES_z13_v2,
X,Y,X,Y,X,Y,X,Y,X,Y,X,Y,X,Y,X,Y,X,Y,X,Y,X,Y,X,Y,X,Y,X,Y,X,Y,X,Y,X,Y,X,Y,X,Y,X,Y,X,Y,X,Y
16540028.976303637,0.0005642431378422214,26038577.77135971,0.0000036945857702636365,20688399.44739122,0.0011937923304578132,16498986.27394684,0.0001987101689400815,326548456.7450373,0.0000036945857702636365,16540028.976303637,0.000044572451742841376,51914462.127236724,0.0000036659921338115544,16540028.976303637,0.0020106546332689943,15737594.428772185,0.0005829305676858562,15924575.135965623,0.000278227141630181,16498986.27394684,0.00014051081966561234,16456375.001157802,0.00006273123214117303,16313113.004268788,0.000035826589959818186,16347615.07717786,0.000013574080482062203,16498986.27394684,0.000013516257956074592,16244963.72023641,0.000008946370585793752,79301274.09177616,0.0000036710658608000867,20758085.194612112,0.0000037060252723193437,44759362.86235709,0.0011773474444940126,795772448.5150385,0.0000036710658608000867,250940779.20209613,0.000003775870707899755,63171041.545061044,0.0000037758707078997708
17710605.201715905,0.0005642431378422214,27881388.33271785,0.0000036945857702636365,22152565.475736383,0.0011937923304578132,17664718.83457399,0.00019890646400413912,349620672.354511,0.0000036945857702636365,17710605.201715868,0.000044572451742841376,55588569.05947196,0.0000036659921338115544,17710605.201715905,0.0020106546332689943,15737594.428772185,0.00029089654962559684,17062197.479872726,0.0002609576855960357,17664718.83457399,0.00014051081966561234,17664718.83457399,0.00006569471320295496,16313113.004268788,0.000030330563120638985,17383378.366696637,0.000013569745076892222,17664718.83457399,0.000013496254684375215,17231580.153486498,0.000009030044622402553,157273655.10867342,0.000003671065860800079,22224743.533848602,0.0000037060252723193437,99366331.6325197,0.0011773474444940126,1248511673.8986354,0.000003775870707899763,628643874.8497212,0.0000036710658608000715,158019724.96486825,0.0000036710658608000867
18964025.822471343,0.0005598038117092853,29854618.873034608,0.0000036945857702636365,23720353.93094021,0.0011937923304578132,18912815.995082825,0.00019695220776986278,374323050.72278523,0.0000036945857702636365,18964025.822471306,0.000044025720197598606,59522701.06364985,0.0000036659921338115544,18964025.822471343,0.0019713393549607955,16540028.976303637,0.00037752256694580626,18269728.781773202,0.0002609576855960357,18912815.995082825,0.0001394053151200236,18912815.995082825,0.00006569471320295496,17383378.366696637,0.00003288476820314452,18613640.385134075,0.000013569745076892222,18884888.886487205,0.000013454439009387096,18449073.987498313,0.000009030044622402553,25263157.32992632,0.000003671065860800079,23795028.32339999,0.0000037060252723193437,20161764.36152646,0.0011773474444940113,318123414.1290569,0.0000036710658608000867,50508210.3926579,0.0000036710658608000715,20161503.662092127,0.0000036710658608000867
20306153.928636868,0.000522935772192118,31967499.51681016,0.0000036945857702636365,25399098.41256737,0.0011855698710071696,20249097.209731292,0.00018091879218827756,400770770.67209506,0.0000036945857702636365,20195078.738448024,0.000041733804280493525,63735260.71739969,0.0000036659921338115544,20306153.928636868,0.0017930655842602662,17710605.201715905,0.00037752256694580626,19554035.424784925,0.00026706776382669683,20249097.209731292,0.00013216726340739893,20249097.209731292,0.00006569471320295496,18613640.385134075,0.0000326260389407595,19930970.900964946,0.000013569745076892222,20045903.26446548,0.000012508214795602479,19752589.60376424,0.000009030044622402553,79301274.09177616,0.00001726488994085672,25476261.269295275,0.0000037060252723193437,44759362.86235709,0.0026633477342366285,795772448.5150385,0.000018264748308417733,250940779.20209613,0.000017757783345403164,63171041.545061044,0.000017757783345403236
21743267.554766458,0.0004813143237867958,34229913.625870496,0.0000036945857702636365,27196651.53603846,0.0011914372545315409,21679793.105149,0.0001640710847822568,429087148.9612173,0.0000036945857702636365,21193770.88042533,0.00003698688235176331,68245952.99146567,0.0000036659921338115544,21743267.554766458,0.0016132961963634758,18964025.822471343,0.0003745523123076643,20928624.938056268,0.000260797705760618,21679793.105149,0.0001243191489322428,21679793.105149,0.00006569471320295496,19821947.971696686,0.00003077079910755313,21341531.95375865,0.000013569745076892222,21412349.37555047,0.0000069237523794148935,21166963.77789853,0.000009235706773074662,,,27276281.391231988,0.0000037060252723193437,44759362.86235709,0.0004273727682997326,,,,,,
23282089.046485197,0.00043692405991055974,36652444.03048848,0.0000036945857702636365,29121421.66458652,0.0011937923304578132,23211574.531638265,0.0001454514045394694,459404215.26974577,0.0000036945857702636365,22438418.399277557,0.00003596737801447359,73075877.42308924,0.0000036659921338115544,23282089.046485197,0.001424573175276198,20306153.928636868,0.00035335645245492415,22476227.606295016,0.0002640462539307577,23211574.531638265,0.00011374848923889031,23211574.531638265,0.00006569471320295496,20802187.95661575,0.000027045282644024243,22845746.161496766,0.00001382670667457343,21545656.27585061,0.00001187049146718832,22705753.012198627,0.000009144531070450048,,,29203481.573269673,0.000003695063987811747,177473725.12605262,0.000026335277399733424,,,,,,
24929816.505414806,0.0003873395380753332,39246422.53238902,0.0000036945857702636365,31182412.240818802,0.0011937923304578132,24851583.667089388,0.00012518135805718062,491863327.80776805,0.0000036945857702636365,23418169.86440146,0.00003047732528823214,78247626.81271611,0.000003691417435519853,24929816.505414806,0.0012248353087294603,21743267.554766458,0.0003307372682424385,23994146.133790936,0.00026140864734826877,24813053.83601743,0.00009529770859284738,24851583.667089388,0.00006614217178189596,22023838.967801012,0.000025948278006873615,24469205.201635834,0.00001360999927464728,22959136.61978137,0.000006066852301376429,24242223.151742183,0.000009030044622402553,,,31266847.69700503,0.0000036659921338115544,314434603.62895167,0.000026335277399733532,,,,,,
26694157.459529057,0.0003423665189192765,42023982.91119592,0.0000036945857702636365,33389263.901864942,0.0011937923304578132,26648783.523620054,0.00010651975239565197,526615832.4213013,0.0000036945857702636365,24822757.8905831,0.000029011462191983163,83785392.90569708,0.000003706025272319329,26694157.459529057,0.0010345515942612746,23282089.046485197,0.0003071304026044185,25785455.721815716,0.0002639575038764433,26320041.91523597,0.00008395616013563142,26566215.169990793,0.00006548364364970416,22985488.229900952,0.000021972618244327483,26200947.62511073,0.000013569745076892222,24545012.46550449,0.00000597653792722586,25955052.55839487,0.000009030044622402553,,,33476000.53969364,0.0000036659921338115544,100980225.22493792,0.000026335277399733478,,,,,,
28583364.916438814,0.0003062220052038341,44998117.682268776,0.0000036945857702636365,35752299.57511161,0.0011937923304578132,28399147.431110486,0.00009075209159491651,563823768.2667105,0.0000036945857702636365,25350563.16686206,0.000023740472091681607,89715079.55332911,0.000003706025272319329,28583364.916438814,0.0008939003578410016,24929816.505414806,0.00028889294730498945,27569006.592594914,0.00026520958182906125,28135989.487434883,0.00007847208704203256,28487412.57662923,0.00006569471320295496,24339172.03856966,0.000020234119224254905,28029101.35587132,0.000013717928560203027,26279235.39029235,0.000005909060409951461,27788901.58267635,0.000009030044622402553,,,35841240.63267536,0.0000036659921338115544,177473725.12605262,0.0000503166236604024,,,,,,
30606275.96825148,0.00026642500540819926,48182738.87142335,0.0000036945857702636365,38282572.765467025,0.0011937923304578132,29912786.234298132,0.0000801108809525819,603660623.3444009,0.0000036945857702636365,26958194.703409992,0.00002378348499742477,96064423.8825654,0.000003706025272319329,30606275.96825148,0.0007716089627470134,26694157.459529057,0.0002382978325394527,29325794.022159517,0.0002624427045245155,29476623.847594954,0.00007463686386836678,30631518.301984757,0.00006533892683908309,24898841.121155147,0.000017706570795888822,29394236.37300021,0.000013319430749924347,28135989.487434883,0.000006519052256062066,29752320.841357928,0.000009030044622402553,,,38373596.28926248,0.0000036659921338115544,177473725.12605262,0.00001231585444862199,,,,,,
32772353.128585972,0.0002250346737489438,51592743.09081984,0.0000036945857702636365,40991919.26002713,0.0011937923304578132,32052781.49138802,0.00007777785542468876,646312143.4145933,0.0000037043262695044815,27267186.481243856,0.000019278937762426357,102863126.04118668,0.000003706025272319329,32772353.128585972,0.0006640778626482977,28583364.916438814,0.00022194541582148592,31693526.56981638,0.00025238103332209355,31266847.69700503,0.00005795251247319945,32506881.661763113,0.00006617017119039382,26446402.808200207,0.00001758678402758655,31182412.240818802,0.000014056849714619778,28214679.791498058,0.0000047576870971517895,31755767.502259772,0.000009239483329384852,,,41084875.02602907,0.0000036659921338115544,566139792.469214,0.000008785475686161,,,,,,
35091728.59510413,0.0001981224452910899,55244081.220422894,0.0000036945857702636365,43872028.61290058,0.001175974120526038,34317464.32842884,0.00006840870973069662,691977198.0668818,0.000003843849921048963,28952199.778250076,0.000019144181532797053,110142988.12534073,0.000003706025272319329,35091728.59510413,0.0005709682226464272,30606275.96825148,0.00019949651341858406,33150628.038893003,0.00022494496110100486,33476000.53969364,0.00005193677595698256,33344046.866807822,0.00005611420677921979,28583364.916438755,0.000011088714460053929,33245877.03245861,0.000013827238824726154,30123932.17229906,0.000006506191675005678,32716027.404754773,0.000007890538563281923,,,43987718.61726035,0.0000036659921338115544,994996175.6154672,0.000008785475686161,,,,,,
37575251.64460418,0.00019929963605174313,59153833.02097996,0.0000036945857702636365,44719259.91377574,0.002444785377986755,36742157.876358055,0.00005904995237461711,731729290.0249317,0.0000025138077358712557,30110895.61465159,0.00001775471364187223,117938062.93930268,0.000003706025272319329,37575251.64460418,0.0004909133847225914,32772353.128585972,0.00017861142000900188,35310551.5619301,0.0002145300643708502,35399100.10938944,0.000045977809752812285,35029244.05921019,0.00005700131155733951,30532375.2342069,0.000009609056516317214,33952782.7433229,0.000011457707039119354,30123932.17229906,0.000004648565705451821,33880976.25183904,0.000006554550082706633,,,47095662.039264336,0.0000036877744819054847,319541605.0014875,0.000008541621882041143,,,,,,
39985201.9779142,0.00016778441370579472,63340287.02753401,0.0000036945857702636365,44719259.91377574,0.0019251744432242724,39338167.659808174,0.000051783162925273596,740868707.9817584,0.000003972019804591006,31572515.709733177,0.000011099668403311394,126284813.2833145,0.000003706025272319329,40234539.382374905,0.00042417183706126155,35091728.59510413,0.00016134012000425734,37809561.22048673,0.00019662189892064526,41135904.54136077,0.00003638596526016601,36699425.88122335,0.00004798462990046053,32293380.19534179,0.000007926614233116696,36044118.55234405,0.00001151528577444335,30631518.301984757,0.0000033862752495771958,34531114.62506593,0.000008663235371027276,,,50423196.57938072,0.0000037060252723193437,561597469.6634648,0.00002786042743314616,,,,,,
42549718.42468502,0.00015086332669104785,68089831.86103056,0.0000038216163803643306,44858472.11245659,0.001462098427717242,41857008.741737135,0.000048235002540231875,747411445.2539884,0.000016643407420769298,31670801.757809825,0.000017357489287239377,135222282.51458707,0.000003706025272319329,43082031.08319933,0.0003675912795520919,37575251.64460418,0.0001460269911310372,40485431.590567686,0.0001856233442209408,50579912.93132035,0.00002066265526460134,39073681.9953424,0.000042812481915580984,34354264.210175104,0.0000070276370904010395,36810523.157126926,0.000009438872551546493,32252332.548195213,0.00000577923470286561,36120378.44743571,0.000006511975793828752,,,54197868.156835735,0.000003833057920544638,561597469.6634648,0.0000014913999769048374,,,,,,
45561060.717814036,0.0001366794572472196,72225769.20821527,0.000003918250734488695,44858472.11245659,0.000958971470527686,42643653.64859658,0.000035618180191396956,755729806.9637271,0.0000031488318991191187,33806975.89835906,0.00000933833058269299,144792277.17930838,0.000003706025272319329,46131046.37819767,0.0003191877229377761,40234539.382374905,0.00013255933320147412,43350679.51506454,0.00017839111410912614,53985837.40394495,0.000016151001063623692,41775905.72093953,0.00004186406226292285,36880999.2161482,0.0000058308191472150806,39246422.53238902,0.000010165913683705126,32252332.548195213,0.000004573447543664809,36672059.72010057,0.000005072396375883352,,,57484533.43058129,0.000003930382767717614,,,,,,,,
48785522.69168639,0.00012200868484104393,73455415.83912088,0.000002512567027441938,44719259.91377574,0.0007402654514118111,45834078.50160469,0.00003158188132797771,794583319.6706426,0.000004771706506805456,36049864.239637315,0.000007567675571798681,155039562.5699337,0.000003706025272319329,49395847.5596873,0.0002782546139795748,43082031.08319933,0.00012080994937419916,46418707.68288107,0.00017081057711157692,56568500.320277214,0.000012743431909018617,45121403.8870974,0.000039366884597218517,39368597.64847158,0.000004783593861688994,39246422.53238902,0.000008156860759232475,32795782.0739025,0.0000034606362441768424,38612498.85361777,0.0000065707492942689685,,,58461625.74342511,0.0000025135126055039796,,,,,,,,
52238187.32057031,0.00010869777074476995,75226840.77870825,0.00001607781198708693,44719259.91377574,0.000522935772192118,48651888.25741556,0.00002755386947427996,795926919.2347283,0.000018596563881442823,37781919.72829275,0.000006293961360097278,166012072.12252793,0.000003706025272319329,52891706.295503154,0.0002432904061747638,46131046.37819767,0.00010826932269630009,49703867.32231028,0.00015382142568002257,59993161.30887258,0.000010577729649760048,48971804.82072657,0.00003666130734119267,46131046.37819767,0.000006815232211231597,42023982.91119592,0.000009030044622402515,32638284.53982327,0.0000026441922257223024,39094775.250355534,0.000005145411010515648,,,59869175.7097619,0.000016127593525455383,,,,,,,,
56042296.49970773,0.00009448511700189026,75911914.39882752,0.0000031931727757682057,47292499.099045254,0.0011937923304578132,51789456.6702163,0.000026228615370147546,802623722.4961689,0.0000032290653951504196,40001776.29337451,0.0000061879043631181775,177761131.63363725,0.000003706025272319329,56634975.06484487,0.00021229999490688205,49395847.5596873,0.0000958876081159587,52130055.24585429,0.0001384907084244284,63834551.1937903,0.000008596084379627844,52157928.90332572,0.00003214858300866248,49370265.57218691,0.000005449497699286668,44931565.657963574,0.000009076867887697672,34452247.04457743,0.0000021177104863118083,39753519.452366054,0.0000043300442986292,,,60454880.47564486,0.0000031739794550220247,,,,,,,,
59689441.256155916,0.00008079535093827687,78217231.65516323,0.000004371967190893615,50639498.984292336,0.0011937923304578132,52888867.547888756,0.00002164329813026206,800859529.5217378,0.000012219076831967078,41202310.21735278,0.0000048373763672065515,190341699.34550905,0.000003706025272319329,60643163.64980463,0.00018580671151632785,52891706.295503154,0.00008475433920657932,55588569.05947207,0.00013190652799106986,67658948.22293945,0.0000068523016328349174,55438336.60113581,0.000030000689621504735,51253100.86241532,0.000004469654986551983,47955071.037389144,0.000008330104614675887,34531114.62506593,0.0000047202547860678054,41857008.741737135,0.000006378973040737557,,,62192083.063777894,0.000004428581898074776,,,,,,,,
63485518.06927025,0.00007285587907292198,79838650.70966439,0.000017983650827204223,54223373.816841066,0.0011937923304578132,56237317.87600411,0.000022053992208851715,793214637.7076293,0.000008397682429171237,43082031.08319933,0.00000651905225606204,203812623.02270705,0.000003706025272319329,64935021.04037802,0.0001629410156678673,56634975.06484487,0.00007454480401319302,59665185.07651834,0.0001309224045526599,70718006.77205099,0.000006023153126193952,58227762.93914036,0.000027516487228195898,54420356.73332728,0.000004299044723872787,50884931.909523234,0.000006152164519012622,34800048.95065105,0.000003891653737477037,42379809.59517878,0.00000459517402231987,,,63533410.12354294,0.000018236325394428866,,,,,,,,
67248527.9924701,0.00006424635161905392,80259252.66114205,0.0000055419347037331515,58060887.786288835,0.0011937923304578132,56880863.105631486,0.000017651915379874365,793214637.7076293,0.000006612851884882945,43485631.28799721,0.000004227661005390093,218236915.22262335,0.0000038467114912286085,69530623.13608223,0.00014733040266990235,60643163.64980463,0.00006550040841840854,63702252.38322686,0.00012849085034475147,75012971.58758222,0.000010387807744439166,61884057.12983384,0.000029091548304155442,55044116.70547619,0.0000032708801169525307,51273017.7789672,0.000008213432251539713,34962413.868346006,0.0000030239505247309037,44814407.28553431,0.000006378973040737557,,,63804082.86028328,0.000005552905064602015,,,,,,,,
71444651.31822373,0.00005974754520754518,80342449.42427008,0.00001330925646857411,62169991.522825815,0.0011937923304578132,60595145.92453975,0.000014118509044445022,835813041.8043543,0.0000028534624315621076,45671336.96737097,0.000003259059911646335,232233897.37342304,0.000002521591208918093,74451466.6544223,0.00013151638899430794,64935021.04037802,0.000057383128972468084,68245952.99146567,0.00012444195711781963,79544097.46011013,0.000008624138534865882,66256462.754164554,0.00002889117503136383,57301577.27731851,0.000002826601877659245,54160988.78579883,0.000006019968864718035,36370895.5154511,0.000001635475249545921,45435407.45443204,0.000004648865049926607,,,63702626.73938485,0.000012429218876668072,,,,,,,,
75679427.05993989,0.000053262406138529525,79473167.68394917,0.000010034962435195112,66569906.06438823,0.0011937923304578132,60449976.0040465,0.00001884052166935139,844004538.0792909,0.000016055602950490834,45987884.91746718,0.000005822764762953745,233005124.04248458,0.000003975673024175087,79720569.68547483,0.0001190338929260191,69530623.13608223,0.00005067046363330986,73318555.45662041,0.00011587812024906833,84476156.40499954,0.000007982244559300087,70739955.39670576,0.000027285846633713783,58787250.8899114,0.0000042680293570370926,56909466.082318194,0.000005038373401087042,36884957.535926126,0.0000025375131960430207,48100023.36344613,0.0000060681075119638195,,,63243034.519975975,0.000008772262835876192,,,,,,,,
80248859.12517795,0.00005003966838633767,79473167.68394917,0.000007902146909460894,71281212.76636207,0.0011937923304578132,64477757.86257924,0.000013522209134542161,851370015.0683479,0.000004154394259508463,46514992.85165203,0.000004555420636015848,237552921.79864094,0.000016107587557827557,85362579.36295688,0.00010869777074476995,74451466.6544223,0.00004469888873188818,78247626.81271628,0.00010552527849052551,89249901.03764988,0.0000075170527788274004,75222766.71654135,0.000024866140605465393,61021318.77406973,0.0000028868277880846563,58060887.786288835,0.000006958018019619867,36970903.59178283,0.000003840666442003311,48491450.00342805,0.000004642584815984998,,,63243034.519975975,0.000007840989548400679,,,,,,,,
83752846.61232394,0.00004248806011894754,81189689.16224764,0.000003055068249048169,76325949.57440507,0.0011937923304578132,67057999.90781265,0.000010473415648686987,886968162.531479,0.000003510549719859925,47785026.40202537,0.0000024602452134892346,239664821.1469187,0.0000031562954059808632,91403887.15542218,0.00009339587664273515,79720569.68547483,0.00003900512971032012,83636713.02042747,0.00009732566219006222,93212807.0104218,0.0000028665732005661848,80194405.96496058,0.000023351071881520908,62947761.02853724,0.0000042680293570370926,60643163.64980451,0.00000510570110206189,37626779.58203857,0.00000311486200825556,48992938.80883624,0.0000036031923991573378,,,64411609.04684524,0.00000304793089483262,,,,,,,,
88643307.02283257,0.000039832811910015924,83934337.09724458,0.000003756239979784471,81727714.11071974,0.0011937923304578132,68557185.55776905,0.00001302327161534075,873312177.0081837,0.0000024188486163634464,49069396.8095988,0.0000034165236192675574,250921207.6430468,0.0000046051664561448145,91403887.15542218,0.00007785468797530393,85362579.36295688,0.000033075879474827075,89483003.9695594,0.00009144145977579955,98873963.83229207,0.00000263483767888846,85581848.6288603,0.000021596851341986086,65339939.0801505,0.0000028868277880846563,62169991.52282569,0.000006958018019619867,37872553.1070172,0.0000012972954935614491,52012461.24907497,0.000005490002044174023,,,66899227.12513966,0.000004111312396984897,,,,,,,,
91935749.81484273,0.00003343047040598738,84728173.02984408,0.0000161302834861386,87511774.05598105,0.0011937923304578132,70660279.76905811,0.000008516605364933604,914545607.9480802,0.000003975547884741456,49280832.90559471,0.000001908055726839696,252153511.7724488,0.00001826464217047134,97452447.5268146,0.00007284520126462585,91403887.15542218,0.00002790982113657083,96064423.88256559,0.0000848566800656397,107515215.25293131,0.00000621036090272012,91493315.98150915,0.000020218663036544775,67402720.12253308,0.00000409196345032135,65022832.70458348,0.000005150499780780673,39079613.32275571,0.0000017804146117437295,51904969.061157316,0.000004258575732153114,,,67501661.83883098,0.000016193901352103282,,,,,,,,
97306543.1715107,0.000032195171926046444,86251587.1715952,0.0000025487554795736696,93705185.34324902,0.0011937923304578132,71913033.34995636,0.000010435094903703576,973507101.6142676,0.0000037043262695044815,48785522.69168629,0.000004467228411984204,255194706.59029606,0.0000031602973145602143,104799434.07433257,0.00006550040841840854,97872752.31688541,0.000023112952312031043,102863126.0411871,0.0000801161543367235,115111681.18739268,0.0000057500298613956735,97574531.3817848,0.000019024500423499208,69984911.90011941,0.0000030103322613009023,66528536.53931274,0.00000686792164574637,39309454.79231792,0.0000010608121720414893,52989963.91743958,0.0000033945368178331313,,,68405391.90060803,0.0000032188568350334214,,,,,,,,
100920761.06838931,0.000026883825952415227,89291167.62302975,0.000003852780641782423,98483061.55187683,0.0011937923304578132,73380375.53226346,0.000006038039019280824,1042290050.3064286,0.0000036945857702636365,50061662.21107036,0.0000014612038347036671,254930445.62105924,0.00001314900317958939,112792283.31353746,0.0000571536254625469,104539168.53801706,0.00001896369808117418,110142988.12534073,0.00007633235854353568,120222911.15638612,0.000005249007164044067,103348564.15567169,0.00001718398341708913,74915726.7940648,0.0000028868277880846563,69530623.13608223,0.000005239399140509897,39338167.659808174,0.0000024528340141669146,55687391.249601625,0.000005164004793412247,,,69198405.87040907,0.0000024395500701091138,,,,,,,,
107437995.24745256,0.00002922397823660613,94916799.52345073,0.0000037759123978487674,104799434.07433257,0.00002638245497068636,75949895.81470878,0.000008075674298805135,1115932844.4203057,0.0000036582864608834437,51693065.53731693,0.0000026973703435963462,251780577.8030189,0.000009430990070827724,119687311.22503437,0.00005301939169998624,109380397.78361653,0.00001600811540819165,117938062.93930317,0.00007201272168440203,124784222.43540743,0.000001520794896323377,109686991.91662368,0.000016438806332983636,79791397.32648197,0.0000028379757990994914,72974998.79685362,0.000004338131072798048,40077474.41308582,0.00000311486200825556,56237317.87600411,0.0000032445404706136835,,,71771400.38983566,0.000003934737646344234,,,,,,,,
107437995.24745256,0.00002257169217801591,102225673.11503133,0.0000036945857702636365,112216333.17044804,0.00002638245497068636,76798111.5384313,0.000004740290937738549,1221016266.5095565,0.0000037133590931088438,51785534.47178304,0.0000011977224914564169,251780577.8030189,0.00000742654190512659,126781599.08025001,0.00004630184222148442,115537797.00520897,0.00001457816121469557,126415720.15509608,0.00006768645242161879,132321759.03466316,0.000001176646039000518,115668691.80235103,0.000014836186088742609,81221239.4145584,3.706266484248848e-7,74451466.65442213,0.0000058828640253479055,41598031.803659335,0.0000019315124346145957,59621972.69104172,0.000005256602229846419,,,76017265.04644234,0.0000037571330801525063,,,,,,,,
114547596.60751918,0.000022528874472053893,109460421.17663723,0.0000036945857702636365,120158143.4236504,0.00002638245497068636,79158317.91015443,0.000006044998354103979,,,50797141.038460776,0.000003561338608700377,252302839.9821527,0.000006332952075243746,134440000.50855657,0.00004392306072570233,118673494.27504212,0.000012494253574850847,135222282.51458707,0.00006550040841840854,140670085.1664147,0.0000010992411340679925,122533024.20435019,0.000014900780289113622,81221239.4145584,2.918542289847266e-7,77808770.536684,0.000004650642507705018,41598031.803659335,0.0000015209917440491394,68344768.58436598,0.000004983674624901313,,,81822370.3563504,0.0000037060252723193437,,,,,,,,
116983217.4253603,0.00001862143911622517,117207189.14400652,0.0000036945857702636365,128662014.01437965,0.00002638245497068636,80202306.65141255,0.000003661297733058799,,,52679383.922159806,8.96166329163724e-7,259729287.42907274,0.0000027942826467745113,139433451.5146001,0.00003822231118049921,127072292.80096851,0.000011142150280509502,144792277.17930838,0.00006118662634788803,142774284.14709213,9.61940722506285e-7,127076780.07555802,0.00001312741213373289,81221239.4145584,2.298239787620997e-7,80927246.54900435,0.0000034037663103808157,41857008.741737135,0.0000010861869353895384,70630280.35273346,0.0000030946297980686227,,,87603513.49619964,0.0000037060252723193437,,,,,,,,
123884549.98583944,0.000014892339035848877,125502213.85381389,0.0000036945857702636365,137767723.2567679,0.00002638245497068636,83879084.4396744,0.00000649892969720057,,,53200851.52037132,0.0000018900087411937005,268429068.36789912,0.000004212764485981786,147625789.67429724,0.00003846073420023942,134384296.70774105,0.000009534088586433347,155039562.5699337,0.000057044187614711715,153146854.5025252,9.67560780223507e-7,134618122.90067542,0.000013213237120510334,81221239.4145584,1.8097754278834315e-7,83136863.53388393,0.000004734490991229754,42117597.992983334,0.0000024528340141669146,71823824.48780066,0.0000024340964312779263,,,93793122.14319384,0.0000037060252723193437,,,,,,,,
124144316.70660552,0.000019517432184212527,134384296.70774105,0.0000036945857702636365,147517864.66852644,0.00002638245497068636,83879084.4396744,0.00000511765714652012,,,53961838.60882667,0.0000014458222380147394,267928937.7165177,0.00001633127713892217,154926217.5661787,0.00003441432422071815,146603681.92771074,0.000013941438851336973,166012072.1225286,0.000052920296564696345,158957314.9885496,9.200453494036354e-7,141959423.78149295,0.00001219430250641085,81221239.4145584,1.4251285340251762e-7,86430496.68980728,0.0000032307590719859628,42909140.316391096,0.00000311486200825556,73044013.70647258,0.000004456152265351983,,,100420056.345682,0.0000037060252723193437,,,,,,,,
131730657.08700292,0.000013750051898499159,143894985.17268834,0.0000036945857702636365,157958046.2094385,0.00002638245497068636,85455476.45979303,0.000003674576804958409,,,54286611.871919036,6.986869519135273e-7,273495087.657303,0.0000032752422988842536,164024576.38995034,0.000034331973196017,156979164.6350474,0.000012034159150873133,178156223.90258375,0.00004953274292513484,240919932.39867324,0.0000022909966274913294,150835767.0162014,0.000012050210585747975,81221239.4145584,1.1344888496778364e-7,88737821.46030092,0.000004502950578912856,44537132.383923605,0.0000019315124346145957,75553983.4552058,0.0000031927391234468388,,,107515215.25293131,0.0000037060252723193437,,,,,,,,
136224180.28070945,0.000010559077444215515,153600604.5198466,0.0000036945857702636365,169866578.72991395,0.000026010399337892493,89805544.29989798,0.00000649892969720057,,,54901728.20645114,0.0000024918909313038486,274674650.59615767,0.000002449506262149841,170015560.78937522,0.00003110670881893565,168088944.32588834,0.000010542800011544393,190736520.38987964,0.000043954875300731153,240919932.39867324,0.0000018040717178991592,160394272.9556581,0.000011296122467121606,83266166.57132085,0.00000261799761673018,92995930.06824023,0.0000033710638766186047,44537132.383923605,0.0000015209917440491394,77012240.46220388,0.0000022498729249225056,,,115111681.18739268,0.0000037060252723193437,,,,,,,,
141412040.12444034,0.000013280377628734565,,,177761131.63363725,0.00004492010346559281,89805544.29989798,0.00000511765714652012,,,55480686.48010938,5.592258687408895e-7,288281355.64887464,0.000003916123342382983,186824884.920502,0.000031173325908284986,179984988.90140983,0.000009355578400501415,203875981.70682746,0.00003900512971032012,240919932.39867324,0.0000014206370818133972,170805679.18398395,0.000011390574846973375,86969454.97049314,3.706266484248848e-7,94877471.74544771,0.0000046970092940729026,44748233.278488666,0.0000010906903463034052,81130397.9241865,0.000003138693300079129,,,123244873.89636385,0.0000037060252723193437,,,,,,,,
145057249.88073963,0.000010047792884601905,,,178314506.5781789,0.000034612773516242696,91493315.98150915,0.0000036727631903565394,,,56431514.568464816,0.000001018243726749693,306400170.5078015,0.000003731508909601109,187989876.70722544,0.00002270580715648403,189162133.08219528,0.000008582091542943993,217694931.87809616,0.00003533445616647238,240919932.39867324,0.0000011186970552221136,172760274.17861935,0.000009350960885479517,86969454.97049314,2.918542289847266e-7,99127982.5916048,0.0000034489178031323362,45093408.417976215,0.0000024528340141669146,81164857.14722468,0.000001925229262160229,,,131952715.70227171,0.0000037060252723193437,,,,,,,,
147235972.15048102,0.000007810258661858965,,,181201172.5009421,0.00002657417378292774,96150736.99095142,0.000006334216831771802,,,57082683.816229984,0.0000019682188096141895,328935714.6231339,0.000003706025272319329,200046915.48142964,0.000027641064901418904,200046915.48142964,0.00000330780322655187,233682048.04753658,0.00003148264291056279,240919932.39867324,8.80930898808548e-7,184012438.61157918,0.000010107885560851922,86969454.97049314,2.298239787620997e-7,102119815.68632834,0.000004369655862191147,45940877.005227804,0.000003094018756598735,85260299.82732518,0.000001513186856541824,,,141275808.32161745,0.0000037060252723193437,,,,,,,,
155039562.5699337,0.000010134534245644783,,,177761131.63363725,0.00002193455322640872,96150736.99095142,0.000004987952100895693,,,57343499.47482473,0.0000014250357835429896,352215258.31549764,0.000003706025272319329,201962835.8382735,0.000020721085867088407,214204699.8217784,0.0000027258001727775513,249145722.7260839,0.00003107640387974264,240919932.39867324,6.936991966261645e-7,186118163.6271584,0.000008215748522504408,86969454.97049314,1.8097754278834315e-7,105694726.18031757,0.000002800679124338172,47585348.02257453,1.1181784069397881e-7,86941502.11159211,0.0000022787590886734377,,,151257622.1770234,0.0000037060252723193437,,,,,,,,
157656203.50386876,0.00000787578336349604,,,177761131.63363725,0.000017272616923862097,98071817.67586926,0.000003895474683643874,,,57658895.13100155,4.828427996331966e-7,377142349.3261758,0.000003706025272319329,213473582.55785325,0.00001955987380853106,229364463.40757188,0.0000023000626584745727,267928937.7165188,0.000030263489999917626,240919932.39867324,4.953919095311114e-7,198753662.79641306,0.00000905565980865258,86969454.97049314,1.4251285340251762e-7,108782084.16256136,0.000004144279413376589,47840829.1961576,0.0000019069893852343626,91284349.1832844,0.0000015794711455723128,,,157484352.45521814,0.0000037060252723193437,,,,,,,,
156979164.6350474,0.000006076914743989596,,,177761131.63363725,0.000012743431909018617,99608339.14330459,0.0000030974741098409593,,,59153833.02097996,6.958470892125832e-7,403833588.40138066,0.000003706025272319329,227943069.2308408,0.000021548166106119813,245597118.63471764,0.0000022417684579224037,278002899.9836729,0.00002508313775509497,257942081.82276937,0.0000022909966274913294,198753662.79641306,0.000007145079348840647,86969454.97049314,1.1344888496778364e-7,114245124.65754968,0.000003179198054808231,47683894.52523689,0.000001411034805354585,90402043.85643828,0.0000011172963476627544,,,,,,,,,,,,
165120082.14890996,0.000005055049660838186,,,193924714.71427953,0.00002638245497068636,102944247.99687581,0.000005704790041685194,,,60267351.99010022,0.0000011221608636322231,432413828.39266735,0.000003706025272319329,228241576.26345554,0.000015962427247788046,262978596.53390652,0.0000022417684579224037,294329188.5734017,0.0000233667060282126,257942081.82276937,0.0000018040717178991592,212071415.7005142,0.000005967804446707869,91688429.79149015,3.706266484248848e-7,115477760.19451277,0.0000021931287069816137,47840829.1961576,9.311857485960372e-7,92636082.39309084,0.0000022090975774209616,,,,,,,,,,,,
168088944.32588834,0.000008534770322419684,,,207649216.70213008,0.00002638245497068636,105438362.4101894,0.000004548410954952604,,,60267351.99010022,8.836585146914829e-7,463016758.27756166,0.000003706025272319329,242921851.8567679,0.000013447638627218035,281215350.5799753,0.000002029856275385224,318428836.3758285,0.000021215729509579866,257942081.82276937,0.0000014206370818133972,212796562.9127398,0.00000805974286278874,91688429.79149015,2.918542289847266e-7,117791524.48333003,0.000003545386915075922,47683894.52523689,6.890103907724137e-7,93754322.31531966,9.24900953835511e-7,,,,,,,,,,,,
168088944.32588834,0.000006720803327546882,,,222345033.53807628,0.00002638245497068636,106646146.3346896,0.000003467291343168831,,,60643163.64980451,0.000002298090213148674,495785528.51271,0.000003706025272319329,244075129.09430218,0.00001850863732060629,293019061.43294626,0.0000016671629011491268,337990605.8279671,0.000019812504429198514,257942081.82276937,0.0000011186970552221136,225970782.8826884,0.000006046561755886002,91688429.79149015,2.298239787620997e-7,123528466.69748008,0.0000030572139562849715,47683894.52523689,5.425691790268103e-7,97734026.53628927,0.00000168005404413817,,,,,,,,,,,,
176092415.02916926,0.000005047230515041235,,,238080907.4274776,0.00002638245497068636,106188898.62175444,0.0000025451824090977406,,,60643163.64980451,0.0000018096576437400518,530873420.644693,0.000003706025272319329,259729287.4290738,0.000013315828594415168,309515213.0809356,0.0000013924968338439617,358024497.6880172,0.000017916223465932488,257942081.82276937,8.80930898808548e-7,237619972.40891847,0.000004817996467981741,91688429.79149015,1.8097754278834315e-7,123183394.60627562,0.0000020242573031028726,47683894.52523689,4.272523578342704e-7,97351675.34916212,0.0000012072206060549784,,,,,,,,,,,,
179984988.90140983,0.000007917766830595285,,,254930445.62106028,0.00002638245497068636,112032680.65373145,0.0000022264435712400366,,,61401831.97613633,0.0000014250357835429896,568444564.3107799,0.000003706025272319329,261348892.26252604,0.00001549493159145171,329422929.73246473,0.000001157542308819041,380364242.37518823,0.000017086035070017384,257942081.82276937,6.936991966261645e-7,242419828.03577912,0.0000065246475429999716,91688429.79149015,1.4251285340251762e-7,131901369.24212806,0.0000030883215177726136,47683894.52523689,3.3644479696094934e-7,99981079.39037351,9.19363140734048e-7,,,,,,,,,,,,
188901001.54612562,0.000006491091704391166,,,272972464.7254578,0.00002638245497068636,112289144.22916582,0.000004968291363340105,,,61401831.97613633,4.96925785618944e-7,608674704.9834694,0.000003706025272319329,264112802.66843066,0.000009802940950176754,352215258.31549907,0.0000012744261333421772,402909768.6939078,0.000015336316780198536,257942081.82276937,4.953919095311114e-7,253183839.79682368,0.000004921421194100531,91688429.79149015,1.1344888496778364e-7,131179865.32138482,0.0000020445210857974974,47683894.52523689,2.6493733580752273e-7,101480340.87069236,7.058005630420937e-7,,,,,,,,,,,,
187711840.48064163,0.000004350539158835924,,,292291359.3814229,0.00002638245497068636,114181208.37932393,0.000003976446873210152,,,63340287.02753401,6.958470892125832e-7,,,279845159.7272705,0.000013152494892566908,352215258.31549907,0.0000010145205877894483,427248038.36733836,0.000014761180008196178,272760109.6206716,0.0000022909966274913294,265705321.471896,0.000004037259609673225,,,137577539.8590192,0.0000016381687991537164,47683894.52523689,2.086279607793582e-7,104230038.41352333,0.0000016460052056072137,,,,,,,,,,,,
200343222.25343597,0.000003927081782216175,,,309110411.8640926,0.00002638245497068636,113691653.92108996,0.000003032528450880868,,,64532612.31759028,0.0000011221608636322231,,,282320510.58622646,0.000010461573268154057,377142349.3261758,0.0000012744261333421772,443117140.8587502,0.000012761899369815772,272760109.6206716,0.0000018040717178991592,271072493.1343824,0.000005549235343317141,,,141236335.16965875,0.00000313038048092117,47683894.52523689,1.6428649396012279e-7,104230038.41352333,0.0000012961657836233532,,,,,,,,,,,,
201294356.4398137,0.000006909199109979607,,,326897267.59285706,0.000008713582143077324,119390119.01425365,0.0000023402888935677176,,,64532612.31759028,8.836585146914829e-7,,,281590201.95103693,0.000008196168160336724,377142349.3261758,0.0000010145205877894483,469225781.57277584,0.000012842677585556579,272760109.6206716,0.0000014206370818133972,283108750.76164025,0.000004269584270888148,,,141236335.16965875,0.0000022003900985146217,47472972.80599819,1.3393701619132565e-7,106188898.62175444,5.590261109880763e-7,,,,,,,,,,,,
201294356.4398137,0.000005440728527521774,,,350032545.65945923,0.000008713582143077324,121724514.88883643,0.000004527927333257846,,,64935021.040377885,0.000002298090213148674,,,301518993.8645924,0.00001256849109926645,397606146.0810914,0.0000011515710959197475,483180290.2548865,0.000010895044973772729,272760109.6206716,0.0000011186970552221136,291911114.19575405,0.000003377327254432374,,,146603681.92771074,0.0000017097797599356015,48080125.60778323,0.0000012284632905638025,107470738.94432414,0.0000010139842410028855,,,,,,,,,,,,
213816674.8176663,0.00000425293004613214,,,374805161.031325,0.000008713582143077324,121724514.88883643,0.0000035655686021580466,,,64935021.040377885,0.0000018096576437400518,,,301518993.8645924,0.000009897203276847568,403833588.4013823,9.128066590427525e-7,512144468.37552714,0.000010959093386114625,272760109.6206716,8.80930898808548e-7,303111742.67166275,0.000004682510891194627,,,151231958.294069,0.0000026439746708680748,48369450.4179477,0.0000025340705600522907,108633124.87819713,7.590119216245208e-7,,,,,,,,,,,,
215540425.07099214,0.000006296802907300804,,,401330991.8683591,0.000008713582143077324,124693142.62521781,0.0000019023179854296442,,,65747382.08436151,0.0000014250357835429896,,,301518993.8645924,0.000007855471789950279,403833588.4013823,7.18800131666837e-7,536231225.3477601,0.000010034962435195112,272760109.6206716,6.936991966261645e-7,311298589.3618811,0.000003594470327853906,,,152806962.15222803,0.0000020466992479757393,50997105.466431215,0.0000018352725862657658,111594390.83837086,0.0000014082511603131186,,,,,,,,,,,,
219402856.132168,0.000003233075963308491,,,429734117.29669356,0.000008713582143077324,128539832.28530233,0.0000029058353808654604,,,65747382.08436151,4.96925785618944e-7,,,322858192.6189458,0.000011447417721271578,403833588.4013823,5.660274540789303e-7,574840884.9381105,0.000007276073142105143,271838293.2273367,5.087760122009827e-7,315966652.4269494,0.0000027879857186763485,,,153011981.29010847,0.0000013988765258400904,51084685.886916205,9.259060292345322e-7,113163671.61125827,5.633406948451056e-7,,,,,,,,,,,,
229704194.93305784,0.0000051229534647436785,,,460147397.8100896,0.000008713582143077324,130324936.03450002,0.000004217212989643979,,,67823026.09718406,6.958470892125832e-7,,,322858192.6189458,0.000009854948023512944,403833588.4013823,4.457248470838824e-7,591883762.0809549,0.000009514877402604638,275311254.6442566,1.0683022853881415e-7,332685485.8367775,0.0000041939594896221905,,,161934994.85798275,0.000002390667882554714,51052990.513476886,6.597180706635873e-7,115064062.41413592,0.0000011335939241379237,,,,,,,,,,,,
234360938.6449984,0.000003678569910093765,,,492713096.74771035,0.000008713582143077324,131748136.55296728,0.000003296391998464751,,,69099735.01434869,0.0000011221608636322231,,,323695530.43957174,0.000007330274454299543,403833588.4013823,3.5099117167600594e-7,610479161.7617356,0.000006605331974172347,276166927.79476583,4.301598660275741e-7,336449027.9515727,0.0000030048840866416536,,,161934994.85798275,0.0000018825589972734004,51052990.513476886,5.195026037093888e-7,114892066.52452806,4.351117947203956e-7,,,,,,,,,,,,
235749066.31907213,0.0000028805228482534717,,,527583545.7552912,0.000008713582143077324,133232809.76074173,0.0000021555479729089044,,,69099735.01434869,8.836585146914829e-7,,,344813337.1438958,0.000010768997144683608,403833588.4013823,2.7639204634986623e-7,651752026.0500934,0.000007130983761244331,276166927.79476583,3.387343478219823e-7,343956823.4884511,0.0000023014974129828816,,,162944779.71117857,0.000001471002730426296,51052990.513476886,4.0908831705848e-7,116327087.13967305,8.632271715597224e-7,,,,,,,,,,,,
245597118.63471764,0.000005704790041685194,,,564086340.3228179,0.000008535171611756868,133946765.56394301,0.000001630158697272377,,,69530623.13608223,0.000002298090213148674,,,344175983.2193761,0.0000069609783981950096,402788948.902195,2.1622016479548093e-7,653329530.3474394,0.000005309529772738266,276166927.79476583,2.6674026903994977e-7,360640199.47816324,0.0000019779179587834727,,,164407387.08538362,0.0000011221608636322231,51052990.513476886,3.221413135541434e-7,120971383.14095083,6.519476557856516e-7,,,,,,,,,,,,
250220268.75694388,0.0000044923027154460424,,,563168698.7943617,0.000025536693393411835,139533018.20843163,0.000003889229571212936,,,69530623.13608223,0.0000018096576437400518,,,344992007.6529269,0.000009615299502000104,407324505.6417105,1.6819147159982796e-7,694580491.7593303,0.0000046338900154573755,276166927.79476583,2.100477013476561e-7,360640199.47816324,0.0000033884610085690904,,,172998846.29305032,9.447791900213001e-7,51052990.513476886,2.536738928272881e-7,122482335.41033846,0.000001335133469542614,,,,,,,,,,,,
251780577.8030189,0.0000035375155859798207,,,563168698.7943617,0.000020109163744236398,139533018.20843163,0.0000030626186829115645,,,70400476.85591912,0.0000014250357835429896,,,359124349.6023049,0.000005373991837059697,405300636.8791671,1.2814490934163788e-7,697878029.0729122,0.000006359282868693169,276166927.79476583,1.6540448504543668e-7,369377724.27475095,0.0000029093441768981967,,,173395510.15179455,0.0000021151808611332565,51052990.513476886,1.9975843269582718e-7,122482335.41033846,4.630544074596298e-7,,,,,,,,,,,,
251780577.8030189,0.0000028160772113098155,,,563168698.7943617,0.000015835192922699937,142913598.65482393,0.000002456671247215704,,,70400476.85591912,4.96925785618944e-7,,,372328122.3327213,0.000007455260021544028,408885695.41872513,1.0807683264173078e-7,740864117.2402011,0.000004837042042225494,276166927.79476583,1.3024966946847943e-7,384725774.252995,0.000002229627592860359,,,174929268.05352724,0.0000016711144876901081,51052990.513476886,1.5730208177260516e-7,124012159.71955197,0.0000010513662495697102,,,,,,,,,,,,
262978596.53390652,0.000005704790041685194,,,563168698.7943617,0.000012469605304745453,143410747.37567115,0.0000018671984703609869,,,72623019.01126054,6.958470892125832e-7,,,366738474.1498155,0.00000984781500399797,425745655.53099096,7.245003218801248e-7,770560293.4510119,0.0000037962768162519615,,,384299624.22100556,0.0000015918338754153954,,,176020081.84220687,0.0000012993691863716476,51052990.513476886,1.1848615952829912e-7,124012159.71955197,8.279104793267958e-7,,,,,,,,,,,,
267928937.7165188,0.0000044923027154460424,,,563168698.7943617,0.000006088926787062055,142806934.20776567,0.0000013664753333199086,,,73990083.58060378,0.0000011221608636322231,,,381860539.1060565,0.000005137908960815793,432413828.39266735,5.705161346064519e-7,795195764.5176319,0.000005199146521648011,,,410844676.92335707,0.0000025893823819161564,,,184516515.3133068,9.72955304730213e-7,51542795.02189998,0.00000134858615395671,129518591.91426772,6.519476557856516e-7,,,,,,,,,,,,
269599673.4538811,0.0000035375155859798207,,,563168698.7943617,0.000004794795626096505,149391695.57850707,0.000003551514395721123,,,73990083.58060378,8.836585146914829e-7,,,396372229.2043364,0.000007244531698144745,432413828.39266735,4.492595103362041e-7,822001612.6758295,0.000003957665842387605,,,410844676.92335707,0.000002039039021701474,,,186824884.92050123,0.000001831226538963607,52444660.71666919,1.0901973528554077e-7,131136300.21270666,0.000001335133469542614,,,,,,,,,,,,
269599673.4538811,0.000002810521742843758,,,563168698.7943617,0.000003775717117322565,151680657.17589197,0.0000012149559666175634,,,74451466.65442213,0.000002298090213148674,,,406649080.0289402,0.000005327841180748748,432413828.39266735,3.5377458302165845e-7,832285155.7860154,0.0000030220668630947737,,,409783604.78767383,0.0000015850563094363694,,,188477431.42090526,0.0000014458222380147394,54321937.12463438,0.000001058527295337969,131136300.21270666,4.630544074596298e-7,,,,,,,,,,,,
281590201.95103693,0.0000054947140997796715,,,563168698.7943617,0.0000029732319918813033,153011130.25719857,0.000002855676954306221,,,74451466.65442213,0.0000018096576437400518,,,424424411.49404144,0.0000072017408734886325,432413828.39266735,2.785838757169264e-7,876371344.9759982,0.000002375066688459002,,,414472915.978191,0.0000012895096216532913,,,188994221.40119916,7.381074011461465e-7,54321937.12463438,7.590119216245208e-7,132774213.95115355,0.0000010513662495697102,,,,,,,,,,,,
288423618.24131334,0.000004368576814133334,,,563168698.7943617,0.000002341305824260246,153543404.92104334,0.000002169902453452255,,,75382881.94017202,0.0000014250357835429896,,,426347579.9250513,0.000004343998492942559,432413828.39266735,2.1937408602559952e-7,878354624.8296036,0.000003858630070191975,,,439872825.034868,0.0000023183024918833157,,,198352408.7569247,0.0000011653059339290851,54321937.12463438,5.976926918703074e-7,132774213.95115355,8.279104793267958e-7,,,,,,,,,,,,
289428563.6419316,0.000003314341655426795,,,563168698.7943617,0.0000016811028618810007,153146854.5025252,0.0000016802731411105877,,,75382881.94017202,4.96925785618944e-7,,,441608225.7746044,0.000006068612598643822,436151805.94542086,1.6903668890150478e-7,893653517.4579148,0.000003016601395054827,,,439872825.034868,0.0000018255740357512436,,,201294356.4398137,0.0000016954903985385211,54321937.12463438,4.706600037988582e-7,138669702.00637454,6.519476557856516e-7,,,,,,,,,,,,
288119617.2537673,0.0000024686116745431317,,,604902687.870035,0.000008713582143077324,161944699.08508977,0.0000013395819527842928,,,77762718.56039914,6.958470892125832e-7,,,452667667.0256532,0.0000037404668274761435,435110249.4757445,1.3024966946847943e-7,925726491.8155411,0.0000018821295124514667,,,443757416.5912273,0.0000014465870054341358,,,201294356.4398137,7.42702527217648e-7,54321937.12463438,3.706266484248863e-7,140401709.1596507,0.000001335133469542614,,,,,,,,,,,,
302980356.8354191,0.000002106686454987389,,,647713054.5340302,0.000008713582143077324,162952918.47645253,0.000003204925417596494,,,79226533.46106082,0.0000011221608636322231,,,468809268.5610708,0.0000066285406792508564,437823484.74509376,1.0829046466118814e-7,952284044.0469666,0.00000292085715955918,,,442458755.902557,0.0000010640513463315296,,,211558030.88901088,0.0000013351334695426086,54321937.12463438,2.918542289847266e-7,140401709.1596507,4.630544074596298e-7,,,,,,,,,,,,
307194824.188203,0.000004673273381124393,,,693553210.1717813,0.000008713582143077324,164391983.3496862,0.00000256309799272199,,,79226533.46106082,8.836585146914829e-7,,,468809268.5610708,0.000005219720809224908,455876663.3515425,4.492595103362041e-7,952942022.3355709,0.0000022965327244492532,,,469347087.3484347,9.265634944488541e-7,,,211558030.88901088,0.0000010513662495697058,54321937.12463438,2.2982397876210062e-7,142155349.3642394,0.0000010513662495697102,,,,,,,,,,,,
309912094.5982462,0.0000036945857702636365,,,742637579.9784237,0.000008713582143077324,163967414.74101317,0.0000019795268950209777,,,79720569.68547483,0.000002298090213148674,,,478972182.0660198,0.0000028391098339383287,457295819.05212384,3.581931786268173e-7,978994718.7087132,0.0000014724777609471098,,,470951951.11959535,0.000002067420402947274,,,215540425.07099214,0.0000016954903985385211,54321937.12463438,1.8097754278834315e-7,142155349.3642394,8.279104793267958e-7,,,,,,,,,,,,
309110411.8640926,0.0000028637442619851905,,,795195764.5176319,0.000008713582143077324,164673455.827787,0.0000010290324026358499,,,79720569.68547483,0.0000018096576437400518,,,486436206.96581227,0.000004140880095629351,457295819.05212384,2.820633497887977e-7,1019679395.2520833,0.0000023974493997713356,,,475111007.7119774,0.0000016331122131974773,,,215540425.07099214,7.42702527217648e-7,54321937.12463438,1.425128534025182e-7,148467381.94362926,6.519476557856516e-7,,,,,,,,,,,,
323360335.02837175,0.0000022043453738214665,,,851473613.71768,0.000008713582143077324,173386869.2651187,0.0000015495940101127854,,,80717903.39198723,0.0000014250357835429896,,,501987988.18826956,0.0000057500298613956735,457295819.05212384,2.22114038014573e-7,1019679395.2520833,0.0000018878991812213615,,,473883957.49091685,0.0000012668985597899822,,,226530483.57385868,0.0000013351334695426086,54490770.84391415,0.0000014923557836888217,150321763.71436974,0.000001335133469542614,,,,,,,,,,,,
328307149.9602808,0.0000016846177549536826,,,911734376.876667,0.000008713582143077324,175552499.48935857,0.0000031734370217362316,,,80717903.39198723,4.96925785618944e-7,,,512043408.99046415,0.000002939593900343519,459738943.3175704,1.68512959658876e-7,1041519250.3696266,0.0000010574763106082438,,,501107222.51793027,9.528659076121749e-7,,,226530483.57385868,0.0000010513662495697058,54951683.60820223,1.111835077536371e-7,150321763.71436974,4.630544074596298e-7,,,,,,,,,,,,
330986872.8832288,0.00000410222062537387,,,973230243.4425783,0.000008704123508212872,175552499.48935857,0.000002498959584116686,,,83266166.57132085,6.958470892125832e-7,,,515961355.8290528,0.0000021175189388734828,458719392.6206622,1.3024966946847943e-7,1048857065.3480356,0.000001486196405699735,,,507366133.30667275,0.0000017514174315055985,,,230794721.0317088,0.0000016854757508879956,,,152199307.01531607,0.0000010513662495697102,,,,,,,,,,,,
330986872.8832288,0.0000032303409450774607,,,,,175552499.48935857,0.00000196783454666828,,,84833579.04872037,0.0000011221608636322231,,,520862425.92042804,0.000004474043432246313,460147397.8100896,1.0712069196610356e-7,1091844471.8269148,0.000002007079927060077,,,507366133.30667275,0.0000013791738566960403,,,230568299.36867577,8.064243687907348e-7,,,152199307.01531607,8.279104793267958e-7,,,,,,,,,,,,
345707615.9785283,0.000002498959584116686,,,,,175552499.48935857,0.0000011006195509531597,,,84833579.04872037,8.836585146914829e-7,,,533976307.5526127,0.000001708714713892797,,,1107141305.82491,8.461008333467006e-7,,,509394481.577513,6.862057355781002e-7,,,239700941.38748592,6.38569007901196e-7,,,158957314.9885496,6.519476557856516e-7,,,,,,,,,,,,
350032545.65945923,0.0000017653064279910321,,,,,185637483.68054646,0.0000015495940101127854,,,85362579.3629567,0.000002298090213148674,,,542269392.8662419,0.000003284479599110934,,,1125847311.500155,0.0000015540885297059514,,,529507616.4249277,5.445192425183555e-7,,,243516776.7906855,0.0000013928218268977582,,,160942717.7307663,0.000001335133469542614,,,,,,,,,,,,
354411581.80458266,0.00000402995814535584,,,,,187956126.07321566,0.0000031734370217362316,,,85362579.36295688,0.0000018096576437400518,,,542550378.3677249,0.000002341305824260246,,,1119334109.1125975,0.0000011660637042588084,,,538013363.5765233,0.0000010481209650696055,,,248448894.98793367,0.0000010176618358403017,,,160942717.7307663,4.630544074596298e-7,,,,,,,,,,,,
354411581.80458266,0.0000031734370217362316,,,,,187956126.07321566,0.000002498959584116686,,,86430496.68980746,0.0000014250357835429896,,,544239351.557652,0.000004753315290020602,,,1187058924.9376888,8.638762157415499e-7,,,543213985.5283,0.0000014837151723030106,,,253725876.0232464,5.325857157218445e-7,,,162952918.47645253,0.0000010513662495697102,,,,,,,,,,,,
370174146.042543,0.000002498959584116686,,,,,187956126.07321566,0.00000196783454666828,,,86430496.68980746,4.96925785618944e-7,,,574840884.9381105,0.0000018079947613288494,,,1177452326.7750752,6.075167616466555e-7,,,545553056.3326969,7.441308075948606e-7,,,256420481.30826145,7.862820343989631e-7,,,162952918.47645253,8.279104793267958e-7,,,,,,,,,,,,
374805161.031325,0.0000017653064279910321,,,,,187678585.64002997,0.0000011054686310290234,,,89159106.36660458,6.958470892125832e-7,,,573472701.0915155,0.0000013651740926330005,,,1198551980.9976735,0.0000015404411195826971,,,564929899.3544145,5.620996271940579e-7,,,259729287.4290738,0.0000014678777930593857,,,170188412.14538705,6.519476557856516e-7,,,,,,,,,,,,
379494111.72430354,0.00000402995814535584,,,,,199534272.87470418,0.0000016332678095511844,,,90837448.26160611,0.0000011221608636322231,,,593726311.3548406,0.000004301318702826017,,,1198551980.9976735,0.000001213038126542846,,,573324158.943545,4.377734425011253e-7,,,266032199.7160859,0.0000011774541795739354,,,172314093.11949754,0.000001335133469542614,,,,,,,,,,,,
379494111.72430354,0.0000031734370217362316,,,,,200315103.86495608,9.815337579312888e-7,,,90837448.26160611,8.836585146914829e-7,,,593726311.3548406,0.0000033871230224971097,,,1209153689.0227685,5.122624516936272e-7,,,576026589.6960014,0.000001195322973421955,,,270987701.6388146,5.809959771081836e-7,,,172314093.11949754,4.630544074596298e-7,,,,,,,,,,,,
398688973.936381,0.000002606375697656899,,,,,201236128.4015334,0.0000029791090844941653,,,91403887.155422,0.000002298090213148674,,,593726311.3548406,0.0000026672290899979857,,,1271069839.1680267,8.828465267407954e-7,,,581594660.5470012,8.434793447721436e-7,,,274567953.69529545,9.030632355708982e-7,,,174466324.1950323,0.0000010513662495697102,,,,,,,,,,,,
401330991.8683591,0.00000187872564378696,,,,,201236128.4015334,0.0000023459338086226494,,,91403887.15542218,0.0000018096576437400518,,,608674704.9834694,0.000002100340309838142,,,1269885173.5645769,6.263727016471208e-7,,,603660623.3444009,6.642075384466262e-7,,,275859300.89778125,4.2222001413234755e-7,,,174466324.1950323,8.279104793267958e-7,,,,,,,,,,,,
406351790.48078334,0.0000037386206923655733,,,,,202908307.44223267,0.0000018171817369378764,,,92787406.56957418,0.0000014484417737764942,,,612470243.4225471,0.0000014917943626373615,,,1267519153.7333615,4.1781127922702885e-7,,,611200442.8050036,4.69207203106642e-7,,,281590201.95103693,0.0000012539256452616948,,,182213040.2155732,6.519476557856516e-7,,,,,,,,,,,,
408462283.3048058,0.0000028883547751372106,,,,,204065983.77991182,0.0000012538321362824589,,,92346243.95752746,5.117136736794629e-7,,,635745699.9223834,0.000004292833196704232,,,1283376285.470576,0.0000012396758671069896,,,615005594.4519998,0.0000013602406687603258,,,284640758.4613499,3.17886335553608e-7,,,184488910.75187147,0.000001335133469542614,,,,,,,,,,,,
406351790.48078334,0.0000014420117934856,,,,,208718662.8468716,7.418304625947789e-7,,,96027107.8204931,7.257576129427628e-7,,,635745699.9223834,0.000003380441012832542,,,1283376285.470576,1.0256660447863826e-7,,,615005594.4519998,0.0000010711372031716489,,,283346125.8079382,2.3861069412784657e-7,,,184488910.75187147,4.630544074596298e-7,,,,,,,,,,,,
418622300.7283304,0.0000012042583780637918,,,,,215454426.62647665,0.0000026254239916108037,,,97648856.1873606,0.0000011363620758853053,,,635745699.9223834,0.00000266196726441958,,,1294728300.969782,3.240401127996161e-7,,,622687114.4486779,8.434793447721436e-7,,,283346125.8079382,1.878967431461071e-7,,,186793207.28167635,0.0000010513662495697102,,,,,,,,,,,,
430937926.06484497,0.000002151130374298094,,,,,215454426.62647665,0.000002067420402947274,,,97629688.93970743,8.066087799666749e-7,,,655544453.0096607,0.000002152688492005717,,,1350071868.8240788,2.465422972144654e-7,,,646312143.4145933,6.642075384466262e-7,,,283346125.8079382,1.4796145752795818e-7,,,186793207.28167635,8.279104793267958e-7,,,,,,,,,,,,
435110249.4757445,0.000003020575299608241,,,,,215454426.62647665,0.000001628014041229302,,,97648856.1873606,4.369523956819426e-7,,,653555199.5787207,0.0000015190440735338765,,,1361026400.7133713,9.041953680649241e-7,,,651824629.4526068,4.773229599222723e-7,,,285605749.6904673,1.1482624786676146e-7,,,196225690.35768804,6.855326583826476e-7,,,,,,,,,,,,
438566389.9348817,0.000001501399233818021,,,,,215454426.62647665,0.0000012819984337299549,,,97266225.22835074,3.145973941018732e-7,,,680738898.1086366,0.000003828271318513675,,,1357224425.0324984,6.448217381998061e-7,,,658458691.1766526,0.0000013575572287924165,,,290660630.5818227,6.249093484653978e-7,,,197523937.67820472,0.0000012936087485716187,,,,,,,,,,,,
435754728.862886,8.813866233442591e-7,,,,,215454426.62647665,0.0000010095244527774776,,,97266225.22835074,2.477333464455796e-7,,,680738898.1086366,0.000003014616403751646,,,1357224425.0324984,5.077723149015194e-7,,,658458691.1766526,0.0000010690240974190286,,,292533725.7076091,9.228940748955549e-7,,,197523937.67820472,4.983670939004947e-7,,,,,,,,,,,,
449311949.08022964,0.0000011350150632852075,,,,,223542135.55704427,8.021563594434537e-7,,,97266225.22835074,1.9508048093129578e-7,,,682433697.0714066,0.0000013348728062882573,,,1359757893.576611,3.9780348549339523e-7,,,669553673.6211957,8.562596362564012e-7,,,295816652.2127763,4.45782540545818e-7,,,200852202.07851282,0.000001030495274729149,,,,,,,,,,,,
458244376.37553185,6.607812061292988e-7,,,,,221384812.19620872,5.701289945516393e-7,,,97266225.22835074,1.5361837470170967e-7,,,701938854.8872753,0.000002375457560997286,,,1373492106.016363,1.0957213796903107e-7,,,669274033.6173723,1.1059337452285702e-7,,,304343677.95247024,3.077698943543192e-7,,,201028077.30255246,7.813162520819887e-7,,,,,,,,,,,,
461436402.91773707,0.0000021983681746411963,,,,,227831661.31564254,0.000002377915947483406,,,96734176.44628446,1.1601426395494494e-7,,,704051060.5464444,0.0000017813563617405639,,,1392182134.111564,3.1177383960912405e-7,,,689357636.9403725,4.1336602592530433e-7,,,303399188.5267908,2.2399917870272146e-7,,,199922098.76799282,3.8059818660363855e-7,,,,,,,,,,,,
463016758.27756166,0.0000015384144970448776,,,,,227831661.31564254,0.0000018725173389249918,,,97872752.31688522,0.0000020902674419565815,,,728916369.3198975,0.000003334034590110116,,,1415630470.748026,1.8865727163705843e-7,,,687695809.0865846,3.0148126143508995e-7,,,303399188.5267908,1.763907368003097e-7,,,208718662.8468716,3.133027682399982e-7,,,,,,,,,,,,
465582318.3933179,4.876808306512722e-7,,,,,227831661.31564254,0.0000014745353755188612,,,98116420.83585918,0.000001634022574739516,,,732925490.8193758,0.0000014161062461322514,,,1408802470.504271,1.3738270543260582e-7,,,687695809.0865846,2.3740489650007813e-7,,,306314715.1207248,1.389853426949087e-7,,,212071415.7005142,6.21524993560718e-7,,,,,,,,,,,,
468809268.5610708,0.0000011683686250995426,,,,,227831661.31564254,0.000001161139888245192,,,101908429.57003707,1.1113176731968921e-7,,,751616696.2260853,0.0000026326922910674296,,,1453278346.5079718,8.468171977317106e-7,,,687695809.0865846,1.8694722389685797e-7,,,305291107.5978634,1.1035543070348918e-7,,,214121370.84011373,0.0000011221608636322278,,,,,,,,,,,,
468809268.5610708,9.200453494036354e-7,,,,,228618581.01986545,4.800897794431555e-7,,,102627813.80927132,6.073360908587602e-7,,,753878387.5803125,0.0000019749716380323067,,,1453278346.5079718,6.668359692573056e-7,,,687695809.0865846,1.4721374764370303e-7,,,310286924.4202902,7.102699096070768e-7,,,214121370.84011373,8.836585146914865e-7,,,,,,,,,,,,
471732642.2200255,3.461727930612618e-7,,,,,230677315.8561228,3.436753367994749e-7,,,104441735.68785888,0.0000011912359218469748,,,780503471.9460268,0.0000014559528945855582,,,1453278346.5079718,5.251076750524511e-7,,,694936104.7639494,6.517023944730312e-7,,,316499220.2520421,5.141276836309619e-7,,,215043374.06623092,4.4392426338778426e-7,,,,,,,,,,,,
471732642.2200255,2.7259775853613486e-7,,,,,230677315.8561228,2.70631107797974e-7,,,104149981.65653028,8.494391877670254e-7,,,800154400.1667025,0.0000027096998584852205,,,1453278346.5079718,4.135020951345744e-7,,,698449310.824634,0.000001158890093021908,,,315582393.64272994,3.852189620462086e-7,,,223465638.03984886,3.410881485716208e-7,,,,,,,,,,,,
471732642.2200255,2.1466024900973198e-7,,,,,230677315.8561228,2.13111587203282e-7,,,104706407.79652452,4.3015486665376496e-7,,,807232110.1534692,0.000002107957983139103,,,1471459394.205391,1.1213766629735932e-7,,,714895669.5407479,9.019068389998989e-7,,,325882786.153313,2.835226306705492e-7,,,221384812.19620872,2.3937760540730734e-7,,,,,,,,,,,,
471732642.2200255,1.6903668890150478e-7,,,,,230677315.8561228,1.6781717730027366e-7,,,104149981.65653028,3.266251980397742e-7,,,827037201.6600367,0.0000010748172664241297,,,1488545397.20265,3.183507083438235e-7,,,716921251.8505291,1.1676984136511751e-7,,,324871453.0196547,2.0617065987692554e-7,,,226343968.440583,6.983708401343837e-7,,,,,,,,,,,,
471146512.7610515,1.2336512151503305e-7,,,,,230677315.8561228,1.220325097183658e-7,,,104149981.65653028,2.572047793811069e-7,,,825415264.3621541,7.748136769822316e-7,,,1480635035.3919263,2.421395656244694e-7,,,733164824.6033485,5.296570555802496e-7,,,328799423.5679482,1.5499974796277913e-7,,,227125749.7244895,0.000001006668873236256,,,,,,,,,,,,
474674245.2829661,6.936991966261645e-7,,,,,231394265.78926185,8.905507854314671e-7,,,104149981.65653028,2.025388700366844e-7,,,825415264.3621541,6.101359663788458e-7,,,1516565957.3512084,1.8697359488943002e-7,,,738749531.1821057,3.80764156512548e-7,,,326897267.59285706,1.1836922894793278e-7,,,227125749.7244895,4.915579056553739e-7,,,,,,,,,,,,
474674245.2829661,1.0829046466118814e-7,,,,,231394265.78926185,7.012744872999046e-7,,,104149981.65653028,1.5949156922528814e-7,,,825415264.3621541,4.804586038271302e-7,,,1508506689.9247475,1.4207295459998213e-7,,,736284818.3231664,2.9152847176159594e-7,,,334295363.4851835,1.0839006357200274e-7,,,228618581.01986545,2.0149722578078048e-7,,,,,,,,,,,,
,,,,,,,,,,104221943.82697356,1.254007258796995e-7,,,825415264.3621541,3.7834266903089217e-7,,,1556130226.862344,6.882413420853789e-7,,,736284818.3231664,2.2956745747957213e-7,,,337217410.1563511,5.791035224557894e-7,,,230677315.8561228,1.4459163414129063e-7,,,,,,,,,,,,
,,,,,,,,,,104799434.07433257,0.0000017089358854697197,,,825415264.3621541,2.979302984049015e-7,,,1556130226.862344,5.41963582768256e-7,,,736284818.3231664,1.8077554214578664e-7,,,337217410.1563511,4.560217479421943e-7,,,231394265.78926185,3.7467394242047897e-7,,,,,,,,,,,,
,,,,,,,,,,104799434.07433257,0.0000013497133107320145,,,825415264.3621541,2.3460864970634877e-7,,,1556130226.862344,4.2677547407573e-7,,,738000443.8884246,1.4440648069540706e-7,,,337916891.8280784,3.600463242337723e-7,,,231394265.78926185,2.950413173216789e-7,,,,,,,,,,,,
,,,,,,,,,,108475140.3856526,1.0992044874756648e-7,,,825415264.3621541,1.8474528710816993e-7,,,1576904466.3434875,1.1392057638778213e-7,,,749789812.4211199,7.450194655600443e-7,,,347863359.48878837,2.7944645166376034e-7,,,,,,,,,,,,,,,,
,,,,,,,,,,109891022.30082099,6.299664475114451e-7,,,825415264.3621541,1.4547980712305561e-7,,,1593893208.5582829,3.3042878246938035e-7,,,766859373.99145,1.1572185807726269e-7,,,347863359.48878837,2.2005333140359392e-7,,,,,,,,,,,,,,,,
,,,,,,,,,,110992038.29328726,9.964310541422601e-7,,,825415264.3621541,1.119484854185701e-7,,,1585423012.0892634,2.5090118670905003e-7,,,786677710.2221565,5.754948072919941e-7,,,350032545.6594578,1.732835338345413e-7,,,,,,,,,,,,,,,,
,,,,,,,,,,111105738.3963847,4.4385009364121073e-7,,,839212224.9847623,0.000001611382270951482,,,1616941594.7060316,1.936161476056825e-7,,,785864391.2448126,4.2736581454137963e-7,,,351409521.97694016,1.2509843078515356e-7,,,,,,,,,,,,,,,,
,,,,,,,,,,110829811.385453,3.4390841445068265e-7,,,852356251.4971435,0.0000020552088994796807,,,1610254445.0496435,1.4838117420167283e-7,,,785864391.2448126,3.3653413975353315e-7,,,361083068.656083,5.722826169404567e-7,,,,,,,,,,,,,,,,
,,,,,,,,,,110829811.385453,2.7081464748265583e-7,,,885568543.2424293,0.0000012513261019409351,,,1635474796.3353944,5.95847775477428e-7,,,785864391.2448126,2.65007689819993e-7,,,361083068.656083,4.5065054722412566e-7,,,,,,,,,,,,,,,,
,,,,,,,,,,110829811.385453,2.1325611764486904e-7,,,883831817.6788955,9.020552687754388e-7,,,1635474796.3353944,4.69207203106642e-7,,,785864391.2448126,2.0868336185791775e-7,,,361083068.656083,3.548699710628025e-7,,,,,,,,,,,,,,,,
,,,,,,,,,,110829811.385453,1.6793098946346698e-7,,,883831817.6788955,7.103338253979378e-7,,,1671448287.0230563,1.0639600949331771e-7,,,785864391.2448126,1.6433012017841113e-7,,,372482456.52259725,2.7944645166376034e-7,,,,,,,,,,,,,,,,
,,,,,,,,,,110743724.8053238,1.3243882315354474e-7,,,883831817.6788955,5.593605635599693e-7,,,1650796217.9616835,3.576378501443598e-7,,,794857339.3301873,1.2722041061537674e-7,,,372482456.52259725,2.2005333140359392e-7,,,,,,,,,,,,,,,,
,,,,,,,,,,111174827.41997796,0.0000014289103496031713,,,883831817.6788955,4.404749272510637e-7,,,1650796217.9616835,2.8162604997031545e-7,,,,,,,374805161.031325,1.732835338345413e-7,,,,,,,,,,,,,,,,
,,,,,,,,,,112916085.27539605,1.0629164906033942e-7,,,883831817.6788955,3.468570617528518e-7,,,,,,,,,,,374805161.031325,1.2307691172778027e-7,,,,,,,,,,,,,,,,
,,,,,,,,,,113620200.85395388,6.519476557856516e-7,,,883831817.6788955,2.731365938094508e-7,,,,,,,,,,,385437877.2192427,5.722826169404567e-7,,,,,,,,,,,,,,,,
,,,,,,,,,,,,,,883831817.6788955,2.150845610604486e-7,,,,,,,,,,,385437877.2192427,4.5065054722412566e-7,,,,,,,,,,,,,,,,
,,,,,,,,,,,,,,883831817.6788955,1.6937081831971342e-7,,,,,,,,,,,385437877.2192427,3.548699710628025e-7,,,,,,,,,,,,,,,,
,,,,,,,,,,,,,,883831817.6788955,1.3337300435165663e-7,,,,,,,,,,,391474735.9853761,2.7944645166376034e-7,,,,,,,,,,,,,,,,
,,,,,,,,,,,,,,883831817.6788955,1.0958115392170508e-7,,,,,,,,,,,391474735.9853761,2.2005333140359392e-7,,,,,,,,,,,,,,,,
,,,,,,,,,,,,,,893962197.9827477,0.000001636071080292583,,,,,,,,,,,392693406.84061044,1.732835338345413e-7,,,,,,,,,,,,,,,,
,,,,,,,,,,,,,,942238985.5315863,0.000001137434763256016,,,,,,,,,,,393372084.72566855,1.2196799476890922e-7,,,,,,,,,,,,,,,,
,,,,,,,,,,,,,,943445675.514203,8.235640617174872e-7,,,,,,,,,,,,,,,,,,,,,,,,,,,,
,,,,,,,,,,,,,,943445675.514203,6.485250191090905e-7,,,,,,,,,,,,,,,,,,,,,,,,,,,,
,,,,,,,,,,,,,,943445675.514203,5.106885061659262e-7,,,,,,,,,,,,,,,,,,,,,,,,,,,,
,,,,,,,,,,,,,,943445675.514203,4.0214755428905783e-7,,,,,,,,,,,,,,,,,,,,,,,,,,,,
,,,,,,,,,,,,,,943445675.514203,3.166757298589484e-7,,,,,,,,,,,,,,,,,,,,,,,,,,,,
,,,,,,,,,,,,,,943445675.514203,2.4936995590831145e-7,,,,,,,,,,,,,,,,,,,,,,,,,,,,
,,,,,,,,,,,,,,943445675.514203,1.963692479288238e-7,,,,,,,,,,,,,,,,,,,,,,,,,,,,
,,,,,,,,,,,,,,943445675.514203,1.5463322913811657e-7,,,,,,,,,,,,,,,,,,,,,,,,,,,,
,,,,,,,,,,,,,,943445675.514203,1.1821209587444849e-7,,,,,,,,,,,,,,,,,,,,,,,,,,,,
,,,,,,,,,,,,,,934689337.9246364,1.0444012698930069e-7,,,,,,,,,,,,,,,,,,,,,,,,,,,,
